phase,experiment,architecture_id,dataset,dataset_config,encoder,F,seed,validation_accuracy,validation_binding_score,test_accuracy,test_binding_score,primary_accuracy,maximum_logged_validation_accuracy,maximum_logged_validation_binding,entered_normalized_binding_regime,entered_regime_050,high_test_success_080,success,present_value_baseline,global_chance_accuracy,d_input,d_model,n_layers,n_heads,head_dim,inner_dim,d_ff,parameter_count,batch_size,max_steps,final_step,learning_rate,weight_decay,elapsed_seconds,final_gradient_norm_before_clipping,final_q_rms,final_k_rms,final_v_rms,final_attention_logit_std,final_attention_entropy,final_attention_max_probability,learning_curve_csv
agnews_capacity_mapping,load_normalized_agnews_capacity_mapping,H8_D32,AG News,,sentence-transformers/all-MiniLM-L6-v2,3,200,0.993408203125,0.9901123046875,,,0.993408203125,0.993896484375,0.9908447265625,True,True,False,True,0.3333333333333333,0.0078125,384,512,6,8,32,256,3584,25448960,256,20000,20000,0.0001,0.0001,820.3665511608124,0.5490142703056335,1.332222233215968,1.3932283719380696,0.7365999023119608,5.146171351273854,0.3976956705252329,0.8417216738065084,agnews_capacity_mapping_H8_D32_F3_seed200.csv
agnews_capacity_mapping,load_normalized_agnews_capacity_mapping,H8_D32,AG News,,sentence-transformers/all-MiniLM-L6-v2,3,201,0.99560546875,0.993408203125,,,0.99560546875,0.996337890625,0.9945068359375,True,True,False,True,0.3333333333333333,0.0078125,384,512,6,8,32,256,3584,25448960,256,20000,20000,0.0001,0.0001,824.5255401134491,1.3333854675292969,1.2793458104133606,1.415215144554774,0.7340151071548462,5.101461013158162,0.3908050805330276,0.8437988658746084,agnews_capacity_mapping_H8_D32_F3_seed201.csv
agnews_capacity_mapping,load_normalized_agnews_capacity_mapping,H8_D32,AG News,,sentence-transformers/all-MiniLM-L6-v2,3,202,0.994384765625,0.9915771484375,,,0.994384765625,0.994384765625,0.9915771484375,True,True,False,True,0.3333333333333333,0.0078125,384,512,6,8,32,256,3584,25448960,256,20000,20000,0.0001,0.0001,827.7546184062958,1.5181843042373655,1.2878425518671672,1.3832460045814514,0.757078101237615,5.035299857457479,0.3827863534291585,0.8467453221480051,agnews_capacity_mapping_H8_D32_F3_seed202.csv
agnews_capacity_mapping,load_normalized_agnews_capacity_mapping,H8_D32,AG News,,sentence-transformers/all-MiniLM-L6-v2,3,203,0.99609375,0.994140625,,,0.99609375,0.996826171875,0.9952392578125,True,True,False,True,0.3333333333333333,0.0078125,384,512,6,8,32,256,3584,25448960,256,20000,20000,0.0001,0.0001,824.9737541675568,1.2846986055374146,1.4025851289431257,1.411432276169459,0.7316055297851562,5.692592581113179,0.352732573946317,0.8551732103029887,agnews_capacity_mapping_H8_D32_F3_seed203.csv
agnews_capacity_mapping,load_normalized_agnews_capacity_mapping,H8_D32,AG News,,sentence-transformers/all-MiniLM-L6-v2,3,204,0.997314453125,0.9959716796875,,,0.997314453125,0.997314453125,0.9959716796875,True,True,False,True,0.3333333333333333,0.0078125,384,512,6,8,32,256,3584,25448960,256,20000,20000,0.0001,0.0001,822.8352904319763,0.8493053913116455,1.3343871533870697,1.3741246859232583,0.7396733264128367,5.082544128100078,0.3827878932158152,0.8470641076564789,agnews_capacity_mapping_H8_D32_F3_seed204.csv
agnews_capacity_mapping,load_normalized_agnews_capacity_mapping,H8_D32,AG News,,sentence-transformers/all-MiniLM-L6-v2,3,205,0.9951171875,0.99267578125,,,0.9951171875,0.995361328125,0.9930419921875,True,True,False,True,0.3333333333333333,0.0078125,384,512,6,8,32,256,3584,25448960,256,20000,20000,0.0001,0.0001,824.432425737381,0.7991877794265747,1.3068396548430126,1.3679781953493757,0.72740771373113,5.059680302937825,0.3962834527095158,0.841833233833313,agnews_capacity_mapping_H8_D32_F3_seed205.csv
agnews_capacity_mapping,load_normalized_agnews_capacity_mapping,H8_D32,AG News,,sentence-transformers/all-MiniLM-L6-v2,3,206,0.99462890625,0.991943359375,,,0.99462890625,0.9951171875,0.99267578125,True,True,False,True,0.3333333333333333,0.0078125,384,512,6,8,32,256,3584,25448960,256,20000,20000,0.0001,0.0001,828.2575309276581,0.357597678899765,1.327986439069112,1.398144801457723,0.7230573495229086,5.013798634211223,0.3973725313941638,0.8397179941336314,agnews_capacity_mapping_H8_D32_F3_seed206.csv
agnews_capacity_mapping,load_normalized_agnews_capacity_mapping,H8_D32,AG News,,sentence-transformers/all-MiniLM-L6-v2,3,207,0.996337890625,0.9945068359375,,,0.996337890625,0.996337890625,0.9945068359375,True,True,False,True,0.3333333333333333,0.0078125,384,512,6,8,32,256,3584,25448960,256,20000,20000,0.0001,0.0001,827.1193296909332,0.4526752233505249,1.328317403793335,1.3736076553662615,0.712466170390447,5.165721833705902,0.4149474104245503,0.8316797912120819,agnews_capacity_mapping_H8_D32_F3_seed207.csv
agnews_capacity_mapping,load_normalized_agnews_capacity_mapping,H8_D32,AG News,,sentence-transformers/all-MiniLM-L6-v2,3,208,0.99560546875,0.993408203125,,,0.99560546875,0.99560546875,0.993408203125,True,True,False,True,0.3333333333333333,0.0078125,384,512,6,8,32,256,3584,25448960,256,20000,20000,0.0001,0.0001,833.1040697097778,1.4658876657485962,1.325069119532903,1.3719054559866588,0.7355837722619375,4.976483782132466,0.3721968779961268,0.8506479660669962,agnews_capacity_mapping_H8_D32_F3_seed208.csv
agnews_capacity_mapping,load_normalized_agnews_capacity_mapping,H8_D32,AG News,,sentence-transformers/all-MiniLM-L6-v2,3,209,0.994873046875,0.9923095703125,,,0.994873046875,0.9951171875,0.99267578125,True,True,False,True,0.3333333333333333,0.0078125,384,512,6,8,32,256,3584,25448960,256,20000,20000,0.0001,0.0001,841.3739738464355,0.1507484763860702,1.3588115473588307,1.3706598778565724,0.7228093147277832,5.0546728571256,0.4125531415144602,0.8324573040008545,agnews_capacity_mapping_H8_D32_F3_seed209.csv
agnews_capacity_mapping,load_normalized_agnews_capacity_mapping,H8_D32,AG News,,sentence-transformers/all-MiniLM-L6-v2,4,200,0.992919921875,0.9905598958333334,,,0.992919921875,0.9931640625,0.9908854166666666,True,True,False,True,0.25,0.0078125,384,512,6,8,32,256,3584,25448960,256,20000,20000,0.0001,0.0001,941.212673664093,1.500273823738098,1.46467528740565,1.5634180506070454,0.6781139671802521,6.657508154710134,0.4070569003621737,0.8373817304770151,agnews_capacity_mapping_H8_D32_F4_seed200.csv
agnews_capacity_mapping,load_normalized_agnews_capacity_mapping,H8_D32,AG News,,sentence-transformers/all-MiniLM-L6-v2,4,201,0.994384765625,0.9925130208333334,,,0.994384765625,0.99462890625,0.9928385416666666,True,True,False,True,0.25,0.0078125,384,512,6,8,32,256,3584,25448960,256,20000,20000,0.0001,0.0001,944.3848650455476,1.909162163734436,1.4774589439233143,1.5723269681135814,0.686639408270518,6.384761492411296,0.4300478498140971,0.8287167946497599,agnews_capacity_mapping_H8_D32_F4_seed201.csv
agnews_capacity_mapping,load_normalized_agnews_capacity_mapping,H8_D32,AG News,,sentence-transformers/all-MiniLM-L6-v2,4,202,0.99267578125,0.990234375,,,0.99267578125,0.992919921875,0.9905598958333334,True,True,False,True,0.25,0.0078125,384,512,6,8,32,256,3584,25448960,256,20000,20000,0.0001,0.0001,942.2019865512848,0.5301215648651123,1.4182953238487244,1.5625869433085124,0.6733358204364777,6.44425497452418,0.4326572666565577,0.8273685276508331,agnews_capacity_mapping_H8_D32_F4_seed202.csv
agnews_capacity_mapping,load_normalized_agnews_capacity_mapping,H8_D32,AG News,,sentence-transformers/all-MiniLM-L6-v2,4,203,0.99169921875,0.9889322916666666,,,0.99169921875,0.99169921875,0.9889322916666666,True,True,False,True,0.25,0.0078125,384,512,6,8,32,256,3584,25448960,256,20000,20000,0.0001,0.0001,942.965125322342,2.42016339302063,1.5259387890497844,1.6344643235206604,0.6738485892613729,7.347442428270976,0.3931152696410815,0.8394239644209543,agnews_capacity_mapping_H8_D32_F4_seed203.csv
agnews_capacity_mapping,load_normalized_agnews_capacity_mapping,H8_D32,AG News,,sentence-transformers/all-MiniLM-L6-v2,4,204,0.99462890625,0.9928385416666666,,,0.99462890625,0.994873046875,0.9931640625,True,True,False,True,0.25,0.0078125,384,512,6,8,32,256,3584,25448960,256,20000,20000,0.0001,0.0001,940.6047692298888,0.7222757339477539,1.4486283858617146,1.576261778672536,0.6812423566977183,6.4208812316258745,0.4099123602112134,0.8357269465923309,agnews_capacity_mapping_H8_D32_F4_seed204.csv
agnews_capacity_mapping,load_normalized_agnews_capacity_mapping,H8_D32,AG News,,sentence-transformers/all-MiniLM-L6-v2,4,205,0.993408203125,0.9912109375,,,0.993408203125,0.99365234375,0.9915364583333334,True,True,False,True,0.25,0.0078125,384,512,6,8,32,256,3584,25448960,256,20000,20000,0.0001,0.0001,926.8101139068604,1.2871030569076538,1.4272866646448772,1.5451505184173584,0.6819114089012146,6.276233633359273,0.4272009929021199,0.8308104574680328,agnews_capacity_mapping_H8_D32_F4_seed205.csv
agnews_capacity_mapping,load_normalized_agnews_capacity_mapping,H8_D32,AG News,,sentence-transformers/all-MiniLM-L6-v2,4,206,0.991943359375,0.9892578125,,,0.991943359375,0.992431640625,0.9899088541666666,True,True,False,True,0.25,0.0078125,384,512,6,8,32,256,3584,25448960,256,20000,20000,0.0001,0.0001,934.3233273029329,0.5043203234672546,1.5247052609920502,1.654482215642929,0.6722016533215841,7.458657324314117,0.3601348201433818,0.8584263920783997,agnews_capacity_mapping_H8_D32_F4_seed206.csv
agnews_capacity_mapping,load_normalized_agnews_capacity_mapping,H8_D32,AG News,,sentence-transformers/all-MiniLM-L6-v2,4,207,0.9921875,0.9895833333333334,,,0.9921875,0.9921875,0.9895833333333334,True,True,False,True,0.25,0.0078125,384,512,6,8,32,256,3584,25448960,256,20000,20000,0.0001,0.0001,940.6307718753816,1.5388792753219604,1.482315182685852,1.6591050227483113,0.6711030801137289,7.424002965291341,0.3381164607902368,0.8696315983931223,agnews_capacity_mapping_H8_D32_F4_seed207.csv
agnews_capacity_mapping,load_normalized_agnews_capacity_mapping,H8_D32,AG News,,sentence-transformers/all-MiniLM-L6-v2,4,208,0.9931640625,0.9908854166666666,,,0.9931640625,0.994140625,0.9921875,True,True,False,True,0.25,0.0078125,384,512,6,8,32,256,3584,25448960,256,20000,20000,0.0001,0.0001,941.9841232299804,1.2892205715179443,1.463057001431783,1.534521758556366,0.6782680451869965,6.11036894718806,0.4419604266683261,0.8230642676353455,agnews_capacity_mapping_H8_D32_F4_seed208.csv
agnews_capacity_mapping,load_normalized_agnews_capacity_mapping,H8_D32,AG News,,sentence-transformers/all-MiniLM-L6-v2,4,209,0.99267578125,0.990234375,,,0.99267578125,0.99267578125,0.990234375,True,True,False,True,0.25,0.0078125,384,512,6,8,32,256,3584,25448960,256,20000,20000,0.0001,0.0001,941.882302761078,0.6501277685165405,1.4434921145439148,1.565423975388209,0.6784895757834116,6.490892191727956,0.4360921631256739,0.822879950205485,agnews_capacity_mapping_H8_D32_F4_seed209.csv
agnews_capacity_mapping,load_normalized_agnews_capacity_mapping,H8_D32,AG News,,sentence-transformers/all-MiniLM-L6-v2,5,200,0.98828125,0.9853515625,,,0.98828125,0.98876953125,0.9859619140625,True,True,False,True,0.2,0.0078125,384,512,6,8,32,256,3584,25448960,256,20000,20000,0.0001,0.0001,1071.01109290123,1.4814274311065674,1.5345111687978108,1.72784290711085,0.6544758379459381,8.245660920937857,0.4396833131710688,0.827851821978887,agnews_capacity_mapping_H8_D32_F5_seed200.csv
agnews_capacity_mapping,load_normalized_agnews_capacity_mapping,H8_D32,AG News,,sentence-transformers/all-MiniLM-L6-v2,5,201,0.967041015625,0.95880126953125,,,0.967041015625,0.968017578125,0.96002197265625,True,True,False,True,0.2,0.0078125,384,512,6,8,32,256,3584,25448960,256,20000,20000,0.0001,0.0001,1071.0865218639374,3.903378486633301,1.922937254110972,1.922699848810832,0.597636674841245,14.828349709510803,0.3575671936074893,0.8549508651097616,agnews_capacity_mapping_H8_D32_F5_seed201.csv
agnews_capacity_mapping,load_normalized_agnews_capacity_mapping,H8_D32,AG News,,sentence-transformers/all-MiniLM-L6-v2,5,202,0.973876953125,0.96734619140625,,,0.973876953125,0.973876953125,0.96734619140625,True,True,False,True,0.2,0.0078125,384,512,6,8,32,256,3584,25448960,256,20000,20000,0.0001,0.0001,205.6842484474182,2.3923275470733643,1.5776846011479695,1.7928876280784607,0.6216343144575754,9.710423906644186,0.3986468190948168,0.8412362237771353,agnews_capacity_mapping_H8_D32_F5_seed202.csv
agnews_capacity_mapping,load_normalized_agnews_capacity_mapping,H8_D32,AG News,,sentence-transformers/all-MiniLM-L6-v2,5,203,0.9736328125,0.967041015625,,,0.9736328125,0.9736328125,0.967041015625,True,True,False,True,0.2,0.0078125,384,512,6,8,32,256,3584,25448960,256,20000,20000,0.0001,0.0001,1044.3597147464752,2.604244947433472,1.6693051556746166,1.834544161955516,0.6223031381766001,10.691216866175331,0.3862078686555226,0.8468891580899557,agnews_capacity_mapping_H8_D32_F5_seed203.csv
agnews_capacity_mapping,load_normalized_agnews_capacity_mapping,H8_D32,AG News,,sentence-transformers/all-MiniLM-L6-v2,5,204,0.97607421875,0.9700927734375,,,0.97607421875,0.976318359375,0.97039794921875,True,True,False,True,0.2,0.0078125,384,512,6,8,32,256,3584,25448960,256,20000,20000,0.0001,0.0001,1044.4131731987,2.45654559135437,1.5079750021298726,1.8179265062014265,0.6157719790935516,9.156123558680216,0.4097279533743858,0.838334341843923,agnews_capacity_mapping_H8_D32_F5_seed204.csv
agnews_capacity_mapping,load_normalized_agnews_capacity_mapping,H8_D32,AG News,,sentence-transformers/all-MiniLM-L6-v2,5,205,0.97216796875,0.9652099609375,,,0.97216796875,0.97314453125,0.9664306640625,True,True,False,True,0.2,0.0078125,384,512,6,8,32,256,3584,25448960,256,20000,20000,0.0001,0.0001,1042.2698895931244,4.175437927246094,1.5026830633481345,1.849838584661484,0.6373929679393768,9.859144687652588,0.4249331330259641,0.8314992984135946,agnews_capacity_mapping_H8_D32_F5_seed205.csv
agnews_capacity_mapping,load_normalized_agnews_capacity_mapping,H8_D32,AG News,,sentence-transformers/all-MiniLM-L6-v2,5,206,0.966064453125,0.95758056640625,,,0.966064453125,0.966064453125,0.95758056640625,True,True,False,True,0.2,0.0078125,384,512,6,8,32,256,3584,25448960,256,20000,20000,0.0001,0.0001,1045.7501480579376,3.89959979057312,1.782610048850377,1.924272100130717,0.5795208662748337,13.66492243607839,0.3245489920179049,0.8714995582898458,agnews_capacity_mapping_H8_D32_F5_seed206.csv
agnews_capacity_mapping,load_normalized_agnews_capacity_mapping,H8_D32,AG News,,sentence-transformers/all-MiniLM-L6-v2,5,207,0.9619140625,0.952392578125,,,0.9619140625,0.962646484375,0.95330810546875,True,True,False,True,0.2,0.0078125,384,512,6,8,32,256,3584,25448960,256,20000,20000,0.0001,0.0001,1043.7667446136477,3.6226491928100586,1.9056886235872903,1.8375078439712524,0.5687568038702011,13.593937973181406,0.3422116165359815,0.8664399087429047,agnews_capacity_mapping_H8_D32_F5_seed207.csv
agnews_capacity_mapping,load_normalized_agnews_capacity_mapping,H8_D32,AG News,,sentence-transformers/all-MiniLM-L6-v2,5,208,0.966796875,0.95849609375,,,0.966796875,0.966796875,0.95849609375,True,True,False,True,0.2,0.0078125,384,512,6,8,32,256,3584,25448960,256,20000,20000,0.0001,0.0001,1041.8231806755066,3.7990994453430176,1.842679738998413,1.9191535115242004,0.5701701045036316,13.989932080109917,0.3365674962600072,0.8669864435990652,agnews_capacity_mapping_H8_D32_F5_seed208.csv
agnews_capacity_mapping,load_normalized_agnews_capacity_mapping,H8_D32,AG News,,sentence-transformers/all-MiniLM-L6-v2,5,209,0.7060546875,0.632568359375,,,0.7060546875,0.7060546875,0.632568359375,True,True,False,True,0.2,0.0078125,384,512,6,8,32,256,3584,25448960,256,20000,20000,0.0001,0.0001,1053.1012725830078,6.010123252868652,1.6468105216821034,1.6635475158691406,0.5392248084147772,11.641240874926249,0.4607311189174652,0.8184072275956472,agnews_capacity_mapping_H8_D32_F5_seed209.csv
agnews_capacity_mapping,load_normalized_agnews_capacity_mapping,H8_D32,AG News,,sentence-transformers/all-MiniLM-L6-v2,6,200,0.160400390625,-0.0075195312499999,,,0.160400390625,0.177978515625,0.01357421875000001,False,False,False,False,0.1666666666666666,0.0078125,384,512,6,8,32,256,3584,25448960,256,20000,20000,0.0001,0.0001,1172.46861743927,3.271486759185791,0.771764357884725,1.0212402244408925,0.4346095820267995,2.63302085796992,1.2673263649145765,0.4739011973142624,agnews_capacity_mapping_H8_D32_F6_seed200.csv
agnews_capacity_mapping,load_normalized_agnews_capacity_mapping,H8_D32,AG News,,sentence-transformers/all-MiniLM-L6-v2,6,201,0.159423828125,-0.0086914062499999,,,0.159423828125,0.181884765625,0.01826171875000001,False,False,False,False,0.1666666666666666,0.0078125,384,512,6,8,32,256,3584,25448960,256,20000,20000,0.0001,0.0001,1171.2422432899475,3.3691251277923584,0.7670448919137319,0.9772282640139262,0.439267744620641,2.3677332599957785,1.2621902724107106,0.4806755681832631,agnews_capacity_mapping_H8_D32_F6_seed201.csv
agnews_capacity_mapping,load_normalized_agnews_capacity_mapping,H8_D32,AG News,,sentence-transformers/all-MiniLM-L6-v2,6,202,0.173828125,0.00859375,,,0.173828125,0.177001953125,0.01240234375000001,False,False,False,False,0.1666666666666666,0.0078125,384,512,6,8,32,256,3584,25448960,256,20000,20000,0.0001,0.0001,1170.9722061157229,3.38796067237854,0.8375513255596161,0.9990411003430684,0.4384583483139674,2.620710571606954,1.1990346213181813,0.5148307134707769,agnews_capacity_mapping_H8_D32_F6_seed202.csv
agnews_capacity_mapping,load_normalized_agnews_capacity_mapping,H8_D32,AG News,,sentence-transformers/all-MiniLM-L6-v2,6,203,0.81787109375,0.7814453125,,,0.81787109375,0.8193359375,0.783203125,True,True,False,True,0.1666666666666666,0.0078125,384,512,6,8,32,256,3584,25448960,256,20000,20000,0.0001,0.0001,1165.3676664829254,9.950804710388184,2.127201626698176,2.1599392692248025,0.542015959819158,21.401209870974224,0.3883226265509923,0.8464947938919067,agnews_capacity_mapping_H8_D32_F6_seed203.csv
agnews_capacity_mapping,load_normalized_agnews_capacity_mapping,H8_D32,AG News,,sentence-transformers/all-MiniLM-L6-v2,6,204,0.819091796875,0.78291015625,,,0.819091796875,0.819091796875,0.78291015625,True,True,False,True,0.1666666666666666,0.0078125,384,512,6,8,32,256,3584,25448960,256,20000,20000,0.0001,0.0001,1164.5587499141693,9.353827476501465,2.022187888622284,2.106382211049398,0.5584695438543955,19.257109741369884,0.4260365813970566,0.8322477440039316,agnews_capacity_mapping_H8_D32_F6_seed204.csv
agnews_capacity_mapping,load_normalized_agnews_capacity_mapping,H8_D32,AG News,,sentence-transformers/all-MiniLM-L6-v2,6,205,0.171875,0.00625,,,0.171875,0.1806640625,0.01679687500000001,False,False,False,False,0.1666666666666666,0.0078125,384,512,6,8,32,256,3584,25448960,256,20000,20000,0.0001,0.0001,1171.6000981330872,3.361636161804199,0.7594000101089478,0.9847995539506276,0.4382079889376958,2.430620809396108,1.273779779672623,0.4695054789384206,agnews_capacity_mapping_H8_D32_F6_seed205.csv
agnews_capacity_mapping,load_normalized_agnews_capacity_mapping,H8_D32,AG News,,sentence-transformers/all-MiniLM-L6-v2,6,206,0.1708984375,0.005078125,,,0.1708984375,0.17626953125,0.011523437500000011,False,False,False,False,0.1666666666666666,0.0078125,384,512,6,8,32,256,3584,25448960,256,20000,20000,0.0001,0.0001,1173.1840789318085,3.375100612640381,0.8789696345726649,1.0827589631080627,0.4409257421890895,3.336953749259313,1.087990293900172,0.5543011526266733,agnews_capacity_mapping_H8_D32_F6_seed206.csv
agnews_capacity_mapping,load_normalized_agnews_capacity_mapping,H8_D32,AG News,,sentence-transformers/all-MiniLM-L6-v2,6,207,0.176025390625,0.01123046875,,,0.176025390625,0.1826171875,0.019140625000000012,False,False,False,False,0.1666666666666666,0.0078125,384,512,6,8,32,256,3584,25448960,256,20000,20000,0.0001,0.0001,1172.0674498081207,3.58475112915039,0.7635814845561981,0.9559276799360912,0.433821087082227,2.17915208141009,1.2907902201016743,0.4667275597651799,agnews_capacity_mapping_H8_D32_F6_seed207.csv
agnews_capacity_mapping,load_normalized_agnews_capacity_mapping,H8_D32,AG News,,sentence-transformers/all-MiniLM-L6-v2,6,208,0.16650390625,-0.0001953124999999,,,0.16650390625,0.171875,0.006250000000000011,False,False,False,False,0.1666666666666666,0.0078125,384,512,6,8,32,256,3584,25448960,256,20000,20000,0.0001,0.0001,1172.1786289215088,3.48063325881958,0.749490221341451,0.9798375964164734,0.4321990360816319,2.339387486378352,1.302243749300639,0.4620566815137863,agnews_capacity_mapping_H8_D32_F6_seed208.csv
agnews_capacity_mapping,load_normalized_agnews_capacity_mapping,H8_D32,AG News,,sentence-transformers/all-MiniLM-L6-v2,6,209,0.166748046875,9.765625000001108e-05,,,0.166748046875,0.18505859375,0.022070312500000012,False,False,False,False,0.1666666666666666,0.0078125,384,512,6,8,32,256,3584,25448960,256,20000,20000,0.0001,0.0001,1173.0640115737915,3.385217428207397,0.7462340295314789,0.9429789582888284,0.434644157687823,2.189289927482605,1.3230068683624268,0.4516388575236003,agnews_capacity_mapping_H8_D32_F6_seed209.csv
agnews_capacity_mapping,load_normalized_agnews_capacity_mapping,H8_D32,AG News,,sentence-transformers/all-MiniLM-L6-v2,7,200,0.149169921875,0.0073649088541666,0.15771484375,0.017333984375,0.15771484375,0.155029296875,0.014200846354166675,False,False,False,False,0.1428571428571428,0.0078125,384,512,6,8,32,256,3584,25448960,256,20000,20000,0.0001,0.0001,1166.9037444591522,3.507394552230835,0.7115837683280309,1.0242627759774523,0.4383878906567891,2.494627545277277,1.3732973635196686,0.4451858599980672,external_corpus_replication_H8_D32_F7_seed200.csv
agnews_capacity_mapping,load_normalized_agnews_capacity_mapping,H8_D32,AG News,,sentence-transformers/all-MiniLM-L6-v2,7,201,0.144775390625,0.0022379557291666,0.14013671875,-0.0031738281249999,0.14013671875,0.1533203125,0.012207031250000009,False,False,False,False,0.1428571428571428,0.0078125,384,512,6,8,32,256,3584,25448960,256,20000,20000,0.0001,0.0001,1165.9220163822174,3.465394258499145,0.7412444899479548,0.9869466225306192,0.4473525683085124,2.315126657485962,1.4042763113975525,0.4330741117397944,external_corpus_replication_H8_D32_F7_seed201.csv
agnews_capacity_mapping,load_normalized_agnews_capacity_mapping,H8_D32,AG News,,sentence-transformers/all-MiniLM-L6-v2,7,202,0.15478515625,0.013916015625,0.1337890625,-0.0105794270833333,0.1337890625,0.15478515625,0.013916015625000009,False,False,False,False,0.1428571428571428,0.0078125,384,512,6,8,32,256,3584,25448960,256,20000,20000,0.0001,0.0001,1165.2535717487335,3.461270809173584,0.7017649561166763,0.9701552093029022,0.4358736077944438,2.1089156170686087,1.4038467705249786,0.4325194905201594,external_corpus_replication_H8_D32_F7_seed202.csv
agnews_capacity_mapping,load_normalized_agnews_capacity_mapping,H8_D32,AG News,,sentence-transformers/all-MiniLM-L6-v2,7,203,0.1435546875,0.0008138020833333,0.142333984375,-0.0006103515624999,0.142333984375,0.154296875,0.013346354166666675,False,False,False,False,0.1428571428571428,0.0078125,384,512,6,8,32,256,3584,25448960,256,20000,20000,0.0001,0.0001,1165.951854467392,3.437464475631714,0.7198181996742884,0.9604353805383048,0.4406520028909047,2.135463962952296,1.4044353167215984,0.4419685701529185,external_corpus_replication_H8_D32_F7_seed203.csv
agnews_capacity_mapping,load_normalized_agnews_capacity_mapping,H8_D32,AG News,,sentence-transformers/all-MiniLM-L6-v2,7,204,0.135009765625,-0.0091552734374999,0.1474609375,0.00537109375,0.1474609375,0.148681640625,0.006795247395833342,False,False,False,False,0.1428571428571428,0.0078125,384,512,6,8,32,256,3584,25448960,256,20000,20000,0.0001,0.0001,1167.080777168274,3.752749443054199,0.7135318219661713,0.955915778875351,0.4320194522539775,1.9612840215365093,1.4588109254837036,0.4134491185347239,external_corpus_replication_H8_D32_F7_seed204.csv
agnews_capacity_mapping,load_normalized_agnews_capacity_mapping,H8_D32,AG News,,sentence-transformers/all-MiniLM-L6-v2,7,205,0.13232421875,-0.0122884114583333,0.151611328125,0.0102132161458333,0.151611328125,0.153076171875,0.01192220052083334,False,False,False,False,0.1428571428571428,0.0078125,384,512,6,8,32,256,3584,25448960,256,20000,20000,0.0001,0.0001,1165.0855572223663,3.653141021728516,0.7126136819521586,1.0036968092123668,0.4474041561285655,2.324775000413259,1.4085111916065216,0.4290589392185211,external_corpus_replication_H8_D32_F7_seed205.csv
agnews_capacity_mapping,load_normalized_agnews_capacity_mapping,H8_D32,AG News,,sentence-transformers/all-MiniLM-L6-v2,7,206,0.145263671875,0.0028076171875,0.152587890625,0.0113525390625,0.152587890625,0.154296875,0.013346354166666675,False,False,False,False,0.1428571428571428,0.0078125,384,512,6,8,32,256,3584,25448960,256,20000,20000,0.0001,0.0001,1165.6559400558472,3.658269882202149,0.7415263305107752,1.0179365177949269,0.4385089923938115,2.4955073396364846,1.3783917725086212,0.4454430292050044,external_corpus_replication_H8_D32_F7_seed206.csv
agnews_capacity_mapping,load_normalized_agnews_capacity_mapping,H8_D32,AG News,,sentence-transformers/all-MiniLM-L6-v2,7,207,0.15087890625,0.0093587239583333,0.140380859375,-0.0028889973958333,0.140380859375,0.1533203125,0.012207031250000009,False,False,False,False,0.1428571428571428,0.0078125,384,512,6,8,32,256,3584,25448960,256,20000,20000,0.0001,0.0001,1165.7241580486298,3.941875457763672,0.7198985914389292,0.9679176310698192,0.4450054417053858,2.3090090453624725,1.4252665042877195,0.4292799085378647,external_corpus_replication_H8_D32_F7_seed207.csv
agnews_capacity_mapping,load_normalized_agnews_capacity_mapping,H8_D32,AG News,,sentence-transformers/all-MiniLM-L6-v2,7,208,0.139892578125,-0.0034586588541666,0.144287109375,0.0016682942708333,0.144287109375,0.15576171875,0.015055338541666675,False,False,False,False,0.1428571428571428,0.0078125,384,512,6,8,32,256,3584,25448960,256,20000,20000,0.0001,0.0001,1166.0379312038422,3.493572950363159,0.7172335733970007,1.00834321975708,0.4426357994476954,2.390982468922933,1.3828519483407338,0.4408920258283615,external_corpus_replication_H8_D32_F7_seed208.csv
agnews_capacity_mapping,load_normalized_agnews_capacity_mapping,H8_D32,AG News,,sentence-transformers/all-MiniLM-L6-v2,7,209,0.146728515625,0.0045166015625,0.1494140625,0.0076497395833333,0.1494140625,0.151123046875,0.009643554687500009,False,False,False,False,0.1428571428571428,0.0078125,384,512,6,8,32,256,3584,25448960,256,20000,20000,0.0001,0.0001,1166.0869460105896,3.5495874881744385,0.7237553397814432,0.959739903608958,0.4450625379880269,2.2205973068873086,1.3982509672641754,0.4355919410785039,external_corpus_replication_H8_D32_F7_seed209.csv
agnews_capacity_mapping,load_normalized_agnews_capacity_mapping,H8_D64,AG News,,sentence-transformers/all-MiniLM-L6-v2,3,200,0.999755859375,0.9996337890625,,,0.999755859375,0.999755859375,0.9996337890625,True,True,False,True,0.3333333333333333,0.0078125,384,512,6,8,64,512,3072,25448960,256,20000,20000,0.0001,0.0001,856.877359867096,0.0005305662052705,1.0561295251051586,1.1378995180130005,0.6575427651405334,4.785449167092641,0.4110680197676022,0.8327636818091074,agnews_capacity_mapping_H8_D64_F3_seed200.csv
agnews_capacity_mapping,load_normalized_agnews_capacity_mapping,H8_D64,AG News,,sentence-transformers/all-MiniLM-L6-v2,3,201,0.9951171875,0.99267578125,,,0.9951171875,0.995849609375,0.9937744140625,True,True,False,True,0.3333333333333333,0.0078125,384,512,6,8,64,512,3072,25448960,256,20000,20000,0.0001,0.0001,848.6984567642212,0.0157062113285064,1.0844897131125133,1.1668425997098286,0.649173249801,4.960829218228658,0.3127977301677068,0.876432885726293,agnews_capacity_mapping_H8_D64_F3_seed201.csv
agnews_capacity_mapping,load_normalized_agnews_capacity_mapping,H8_D64,AG News,,sentence-transformers/all-MiniLM-L6-v2,3,202,1.0,1.0,,,1.0,1.0,1.0,True,True,False,True,0.3333333333333333,0.0078125,384,512,6,8,64,512,3072,25448960,256,20000,20000,0.0001,0.0001,852.4325246810913,2.284495349158533e-05,1.051825076341629,0.9668691158294678,0.7247719268004099,3.778588016827901,0.6014655033747355,0.7206145723660787,agnews_capacity_mapping_H8_D64_F3_seed202.csv
agnews_capacity_mapping,load_normalized_agnews_capacity_mapping,H8_D64,AG News,,sentence-transformers/all-MiniLM-L6-v2,3,203,0.993408203125,0.9901123046875,,,0.993408203125,0.993408203125,0.9901123046875,True,True,False,True,0.3333333333333333,0.0078125,384,512,6,8,64,512,3072,25448960,256,20000,20000,0.0001,0.0001,871.9637885093689,0.8556467294692993,0.9451269010702767,1.0442676842212677,0.6942152182261149,3.7164973417917886,0.3996324862043063,0.843507726987203,agnews_capacity_mapping_H8_D64_F3_seed203.csv
agnews_capacity_mapping,load_normalized_agnews_capacity_mapping,H8_D64,AG News,,sentence-transformers/all-MiniLM-L6-v2,3,204,0.994384765625,0.9915771484375,,,0.994384765625,0.994873046875,0.9923095703125,True,True,False,True,0.3333333333333333,0.0078125,384,512,6,8,64,512,3072,25448960,256,20000,20000,0.0001,0.0001,874.7880411148071,1.1478891372680664,1.127648442983627,1.2793006598949432,0.5635546197493871,5.832501649856567,0.3747609903415044,0.8412247796853384,agnews_capacity_mapping_H8_D64_F3_seed204.csv
agnews_capacity_mapping,load_normalized_agnews_capacity_mapping,H8_D64,AG News,,sentence-transformers/all-MiniLM-L6-v2,3,205,1.0,1.0,,,1.0,1.0,1.0,True,True,False,True,0.3333333333333333,0.0078125,384,512,6,8,64,512,3072,25448960,256,20000,20000,0.0001,0.0001,873.739129781723,2.6904517653747465e-05,0.979906847079595,1.0071302652359009,0.7085979084173838,3.6076046029726654,0.4539567902684212,0.8207007944583893,agnews_capacity_mapping_H8_D64_F3_seed205.csv
agnews_capacity_mapping,load_normalized_agnews_capacity_mapping,H8_D64,AG News,,sentence-transformers/all-MiniLM-L6-v2,3,206,1.0,1.0,,,1.0,1.0,1.0,True,True,False,True,0.3333333333333333,0.0078125,384,512,6,8,64,512,3072,25448960,256,20000,20000,0.0001,0.0001,860.1373066902161,3.2084572012536228e-06,1.1466441452503204,0.9340875546137491,0.7270559767882029,4.38941107193629,0.4441792791088422,0.8248097002506256,agnews_capacity_mapping_H8_D64_F3_seed206.csv
agnews_capacity_mapping,load_normalized_agnews_capacity_mapping,H8_D64,AG News,,sentence-transformers/all-MiniLM-L6-v2,3,207,0.999267578125,0.9989013671875,,,0.999267578125,0.99951171875,0.999267578125,True,True,False,True,0.3333333333333333,0.0078125,384,512,6,8,64,512,3072,25448960,256,20000,20000,0.0001,0.0001,860.1943724155426,0.1382468789815902,1.039676417907079,1.1570075849692028,0.6683768033981323,4.973186353842418,0.3140751346945762,0.8782407939434052,agnews_capacity_mapping_H8_D64_F3_seed207.csv
agnews_capacity_mapping,load_normalized_agnews_capacity_mapping,H8_D64,AG News,,sentence-transformers/all-MiniLM-L6-v2,3,208,1.0,1.0,,,1.0,1.0,1.0,True,True,False,True,0.3333333333333333,0.0078125,384,512,6,8,64,512,3072,25448960,256,20000,20000,0.0001,0.0001,844.5088407993317,7.465532689820975e-06,1.163533349831899,0.95571298400561,0.7692287862300873,4.611773093541463,0.4044306253393491,0.8430004219214121,agnews_capacity_mapping_H8_D64_F3_seed208.csv
agnews_capacity_mapping,load_normalized_agnews_capacity_mapping,H8_D64,AG News,,sentence-transformers/all-MiniLM-L6-v2,3,209,1.0,1.0,,,1.0,1.0,1.0,True,True,False,True,0.3333333333333333,0.0078125,384,512,6,8,64,512,3072,25448960,256,20000,20000,0.0001,0.0001,840.2921018600464,3.828115586657077e-05,1.0643194218476613,1.0248140692710876,0.7188315192858378,4.028741141160329,0.4317678362131119,0.8302328089872996,agnews_capacity_mapping_H8_D64_F3_seed209.csv
agnews_capacity_mapping,load_normalized_agnews_capacity_mapping,H8_D64,AG News,,sentence-transformers/all-MiniLM-L6-v2,4,200,0.9951171875,0.9934895833333334,,,0.9951171875,0.996337890625,0.9951171875,True,True,False,True,0.25,0.0078125,384,512,6,8,64,512,3072,25448960,256,20000,20000,0.0001,0.0001,960.5265116691588,0.8226260542869568,1.2596956392129262,1.3986729780832927,0.546080619096756,7.480360388755798,0.4390318393707275,0.8187950948874155,agnews_capacity_mapping_H8_D64_F4_seed200.csv
agnews_capacity_mapping,load_normalized_agnews_capacity_mapping,H8_D64,AG News,,sentence-transformers/all-MiniLM-L6-v2,4,201,0.9931640625,0.9908854166666666,,,0.9931640625,0.9931640625,0.9908854166666666,True,True,False,True,0.25,0.0078125,384,512,6,8,64,512,3072,25448960,256,20000,20000,0.0001,0.0001,967.4362282752992,0.4287081956863403,1.301282564798991,1.3820345898469288,0.5547898461421331,7.472398122151692,0.3405463546514511,0.8659610251585642,agnews_capacity_mapping_H8_D64_F4_seed201.csv
agnews_capacity_mapping,load_normalized_agnews_capacity_mapping,H8_D64,AG News,,sentence-transformers/all-MiniLM-L6-v2,4,202,0.9921875,0.9895833333333334,,,0.9921875,0.99267578125,0.990234375,True,True,False,True,0.25,0.0078125,384,512,6,8,64,512,3072,25448960,256,20000,20000,0.0001,0.0001,954.312139749527,1.3064703941345217,1.1292155186335249,1.4274151921272278,0.5164849509795507,5.926079988479614,0.475685566663742,0.8060559928417206,agnews_capacity_mapping_H8_D64_F4_seed202.csv
agnews_capacity_mapping,load_normalized_agnews_capacity_mapping,H8_D64,AG News,,sentence-transformers/all-MiniLM-L6-v2,4,203,0.994873046875,0.9931640625,,,0.994873046875,0.995361328125,0.9938151041666666,True,True,False,True,0.25,0.0078125,384,512,6,8,64,512,3072,25448960,256,20000,20000,0.0001,0.0001,950.4509935379028,0.6378386616706848,1.3033293584982557,1.4148245453834534,0.5533772309621176,8.11663826306661,0.3584288880228996,0.8587268888950348,agnews_capacity_mapping_H8_D64_F4_seed203.csv
agnews_capacity_mapping,load_normalized_agnews_capacity_mapping,H8_D64,AG News,,sentence-transformers/all-MiniLM-L6-v2,4,204,0.994384765625,0.9925130208333334,,,0.994384765625,0.995361328125,0.9938151041666666,True,True,False,True,0.25,0.0078125,384,512,6,8,64,512,3072,25448960,256,20000,20000,0.0001,0.0001,952.23397731781,0.5266546607017517,1.232497662305832,1.4098222851753237,0.5520098855098089,7.02036714553833,0.4224392523368199,0.8251488506793976,agnews_capacity_mapping_H8_D64_F4_seed204.csv
agnews_capacity_mapping,load_normalized_agnews_capacity_mapping,H8_D64,AG News,,sentence-transformers/all-MiniLM-L6-v2,4,205,0.992919921875,0.9905598958333334,,,0.992919921875,0.9931640625,0.9908854166666666,True,True,False,True,0.25,0.0078125,384,512,6,8,64,512,3072,25448960,256,20000,20000,0.0001,0.0001,950.123257637024,1.2753514051437378,1.2895250916481018,1.3567301034927368,0.5592197477817535,7.747635285059611,0.4095234175523122,0.8258349796136221,agnews_capacity_mapping_H8_D64_F4_seed205.csv
agnews_capacity_mapping,load_normalized_agnews_capacity_mapping,H8_D64,AG News,,sentence-transformers/all-MiniLM-L6-v2,4,206,0.99169921875,0.9889322916666666,,,0.99169921875,0.9921875,0.9895833333333334,True,True,False,True,0.25,0.0078125,384,512,6,8,64,512,3072,25448960,256,20000,20000,0.0001,0.0001,952.6923997402192,1.5166993141174316,1.275248716274897,1.4056452711423235,0.5431056420008341,7.383431673049927,0.35210120677948,0.8609320720036825,agnews_capacity_mapping_H8_D64_F4_seed206.csv
agnews_capacity_mapping,load_normalized_agnews_capacity_mapping,H8_D64,AG News,,sentence-transformers/all-MiniLM-L6-v2,4,207,0.992431640625,0.9899088541666666,,,0.992431640625,0.99365234375,0.9915364583333334,True,True,False,True,0.25,0.0078125,384,512,6,8,64,512,3072,25448960,256,20000,20000,0.0001,0.0001,947.0336458683014,0.6786350011825562,1.1532429953416188,1.3711454470952351,0.5647884259621302,6.763725916544597,0.3954334482550621,0.8444375693798065,agnews_capacity_mapping_H8_D64_F4_seed207.csv
agnews_capacity_mapping,load_normalized_agnews_capacity_mapping,H8_D64,AG News,,sentence-transformers/all-MiniLM-L6-v2,4,208,0.989990234375,0.9866536458333334,,,0.989990234375,0.99072265625,0.9876302083333334,True,True,False,True,0.25,0.0078125,384,512,6,8,64,512,3072,25448960,256,20000,20000,0.0001,0.0001,944.5611670017242,0.909121870994568,1.0993603964646657,1.3168216447035472,0.5701569964488348,5.642081658045451,0.4658930798371632,0.8119739790757498,agnews_capacity_mapping_H8_D64_F4_seed208.csv
agnews_capacity_mapping,load_normalized_agnews_capacity_mapping,H8_D64,AG News,,sentence-transformers/all-MiniLM-L6-v2,4,209,0.992431640625,0.9899088541666666,,,0.992431640625,0.99267578125,0.990234375,True,True,False,True,0.25,0.0078125,384,512,6,8,64,512,3072,25448960,256,20000,20000,0.0001,0.0001,945.0166034698486,1.4294339418411257,1.2609419027964277,1.3325281937917073,0.5722547223170599,6.71576456228892,0.3697195276618004,0.8523466189702352,agnews_capacity_mapping_H8_D64_F4_seed209.csv
agnews_capacity_mapping,load_normalized_agnews_capacity_mapping,H8_D64,AG News,,sentence-transformers/all-MiniLM-L6-v2,5,200,0.9814453125,0.976806640625,,,0.9814453125,0.981689453125,0.97711181640625,True,True,False,True,0.2,0.0078125,384,512,6,8,64,512,3072,25448960,256,20000,20000,0.0001,0.0001,1037.5298273563385,1.9376699924468996,1.23289097348849,1.5512171983718872,0.5297177483638128,9.362820148468018,0.5263011703888575,0.7804579436779022,agnews_capacity_mapping_H8_D64_F5_seed200.csv
agnews_capacity_mapping,load_normalized_agnews_capacity_mapping,H8_D64,AG News,,sentence-transformers/all-MiniLM-L6-v2,5,201,0.99072265625,0.9884033203125,,,0.99072265625,0.99072265625,0.9884033203125,True,True,False,True,0.2,0.0078125,384,512,6,8,64,512,3072,25448960,256,20000,20000,0.0001,0.0001,1037.0311908721924,1.23979389667511,1.2268908619880676,1.4616261720657349,0.5542678485314051,8.161183794339498,0.522441233197848,0.7736809750398,agnews_capacity_mapping_H8_D64_F5_seed201.csv
agnews_capacity_mapping,load_normalized_agnews_capacity_mapping,H8_D64,AG News,,sentence-transformers/all-MiniLM-L6-v2,5,202,0.989990234375,0.98748779296875,,,0.989990234375,0.989990234375,0.98748779296875,True,True,False,True,0.2,0.0078125,384,512,6,8,64,512,3072,25448960,256,20000,20000,0.0001,0.0001,1036.8583335876465,2.8821685314178467,1.3026304642359416,1.6202777524789174,0.5152791490157446,9.361540714899698,0.5257645299037298,0.7836810052394867,agnews_capacity_mapping_H8_D64_F5_seed202.csv
agnews_capacity_mapping,load_normalized_agnews_capacity_mapping,H8_D64,AG News,,sentence-transformers/all-MiniLM-L6-v2,5,203,0.98974609375,0.9871826171875,,,0.98974609375,0.98974609375,0.9871826171875,True,True,False,True,0.2,0.0078125,384,512,6,8,64,512,3072,25448960,256,20000,20000,0.0001,0.0001,1034.5467636585236,1.1247833967208862,1.1656686464945476,1.5036176045735676,0.5452217708031336,7.888325929641724,0.4748979806900024,0.798040529092153,agnews_capacity_mapping_H8_D64_F5_seed203.csv
agnews_capacity_mapping,load_normalized_agnews_capacity_mapping,H8_D64,AG News,,sentence-transformers/all-MiniLM-L6-v2,5,204,0.969970703125,0.96246337890625,,,0.969970703125,0.969970703125,0.96246337890625,True,True,False,True,0.2,0.0078125,384,512,6,8,64,512,3072,25448960,256,20000,20000,0.0001,0.0001,967.9721813201904,2.2220053672790527,1.420816073815028,1.6580640474955242,0.4992384860912959,12.091102520624796,0.4454174488782882,0.8141553699970245,agnews_capacity_mapping_H8_D64_F5_seed204.csv
agnews_capacity_mapping,load_normalized_agnews_capacity_mapping,H8_D64,AG News,,sentence-transformers/all-MiniLM-L6-v2,5,205,0.854248046875,0.81781005859375,,,0.854248046875,0.85498046875,0.8187255859375,True,True,False,True,0.2,0.0078125,384,512,6,8,64,512,3072,25448960,256,20000,20000,0.0001,0.0001,1117.7527558803558,4.762970924377441,1.587863951921463,1.6791499257087708,0.4524321407079696,15.139191587766012,0.4184252123037974,0.8221244414647421,agnews_capacity_mapping_H8_D64_F5_seed205.csv
agnews_capacity_mapping,load_normalized_agnews_capacity_mapping,H8_D64,AG News,,sentence-transformers/all-MiniLM-L6-v2,5,206,0.9736328125,0.967041015625,,,0.9736328125,0.9736328125,0.967041015625,True,True,False,True,0.2,0.0078125,384,512,6,8,64,512,3072,25448960,256,20000,20000,0.0001,0.0001,1109.7511458396912,2.0556468963623047,1.157425155242284,1.5281863510608673,0.5197123338778814,8.234949509302774,0.3610161667068799,0.8570073246955872,agnews_capacity_mapping_H8_D64_F5_seed206.csv
agnews_capacity_mapping,load_normalized_agnews_capacity_mapping,H8_D64,AG News,,sentence-transformers/all-MiniLM-L6-v2,5,207,0.988037109375,0.98504638671875,,,0.988037109375,0.989013671875,0.98626708984375,True,True,False,True,0.2,0.0078125,384,512,6,8,64,512,3072,25448960,256,20000,20000,0.0001,0.0001,1093.3017201423645,2.0573501586914062,1.343507250150045,1.608640770117442,0.4914481043815613,8.72519357999166,0.5677775094906489,0.7648151914278666,agnews_capacity_mapping_H8_D64_F5_seed207.csv
agnews_capacity_mapping,load_normalized_agnews_capacity_mapping,H8_D64,AG News,,sentence-transformers/all-MiniLM-L6-v2,5,208,0.9892578125,0.986572265625,,,0.9892578125,0.9892578125,0.986572265625,True,True,False,True,0.2,0.0078125,384,512,6,8,64,512,3072,25448960,256,20000,20000,0.0001,0.0001,1111.3224802017212,1.237521052360535,1.178766538699468,1.60543688138326,0.5280961692333221,7.486648241678874,0.516241212685903,0.7877898613611857,agnews_capacity_mapping_H8_D64_F5_seed208.csv
agnews_capacity_mapping,load_normalized_agnews_capacity_mapping,H8_D64,AG News,,sentence-transformers/all-MiniLM-L6-v2,5,209,0.992431640625,0.99053955078125,,,0.992431640625,0.992431640625,0.99053955078125,True,True,False,True,0.2,0.0078125,384,512,6,8,64,512,3072,25448960,256,20000,20000,0.0001,0.0001,1113.6995904445648,0.9427794218063354,1.189493904511134,1.4122400482495625,0.5384910156329473,6.985044836997986,0.5420194814602534,0.7735506892204285,agnews_capacity_mapping_H8_D64_F5_seed209.csv
agnews_capacity_mapping,load_normalized_agnews_capacity_mapping,H8_D64,AG News,,sentence-transformers/all-MiniLM-L6-v2,6,200,0.158203125,-0.0101562499999999,,,0.158203125,0.177734375,0.01328125000000001,False,False,False,False,0.1666666666666666,0.0078125,384,512,6,8,64,512,3072,25448960,256,20000,20000,0.0001,0.0001,1243.7774438858032,3.1572105884552,0.7571616421143214,1.0326993862787883,0.3460549066464106,3.602746287981669,1.472503483295441,0.3616434683402379,agnews_capacity_mapping_H8_D64_F6_seed200.csv
agnews_capacity_mapping,load_normalized_agnews_capacity_mapping,H8_D64,AG News,,sentence-transformers/all-MiniLM-L6-v2,6,201,0.810302734375,0.77236328125,,,0.810302734375,0.810302734375,0.77236328125,True,True,False,True,0.1666666666666666,0.0078125,384,512,6,8,64,512,3072,25448960,256,20000,20000,0.0001,0.0001,1241.676380634308,7.9674201011657715,1.1628244519233704,1.519206941127777,0.5504864901304245,9.291425466537476,0.639748548467954,0.716184139251709,agnews_capacity_mapping_H8_D64_F6_seed201.csv
agnews_capacity_mapping,load_normalized_agnews_capacity_mapping,H8_D64,AG News,,sentence-transformers/all-MiniLM-L6-v2,6,202,0.1884765625,0.026171875,,,0.1884765625,0.188720703125,0.02646484375000001,False,False,False,False,0.1666666666666666,0.0078125,384,512,6,8,64,512,3072,25448960,256,20000,20000,0.0001,0.0001,1241.5271668434143,3.29068922996521,1.25327330827713,1.100603272517522,0.3715917815764745,5.4695271253585815,1.3261911273002625,0.4468798289696375,agnews_capacity_mapping_H8_D64_F6_seed202.csv
agnews_capacity_mapping,load_normalized_agnews_capacity_mapping,H8_D64,AG News,,sentence-transformers/all-MiniLM-L6-v2,6,203,0.23974609375,0.0876953125,,,0.23974609375,0.23974609375,0.08769531250000001,False,False,False,False,0.1666666666666666,0.0078125,384,512,6,8,64,512,3072,25448960,256,20000,20000,0.0001,0.0001,1234.1611189842224,3.5923922061920166,1.5279109577337902,1.328685810168584,0.4156195273001988,9.99484690030416,1.0843107004960375,0.5550745129585266,agnews_capacity_mapping_H8_D64_F6_seed203.csv
agnews_capacity_mapping,load_normalized_agnews_capacity_mapping,H8_D64,AG News,,sentence-transformers/all-MiniLM-L6-v2,6,204,0.632568359375,0.55908203125,,,0.632568359375,0.632568359375,0.55908203125,True,True,False,True,0.1666666666666666,0.0078125,384,512,6,8,64,512,3072,25448960,256,20000,20000,0.0001,0.0001,1236.012814283371,7.572527885437012,1.672240157922109,1.6913159290949504,0.4839075257380803,19.03641339143117,0.6354252348343531,0.74119433760643,agnews_capacity_mapping_H8_D64_F6_seed204.csv
agnews_capacity_mapping,load_normalized_agnews_capacity_mapping,H8_D64,AG News,,sentence-transformers/all-MiniLM-L6-v2,6,205,0.157470703125,-0.0110351562499999,,,0.157470703125,0.1748046875,0.00976562500000001,False,False,False,False,0.1666666666666666,0.0078125,384,512,6,8,64,512,3072,25448960,256,20000,20000,0.0001,0.0001,1240.4264183044434,3.207852840423584,0.8966837028662363,0.9100636740525564,0.3701399539907773,2.9569130142529807,1.472987751166026,0.3634717613458633,agnews_capacity_mapping_H8_D64_F6_seed205.csv
agnews_capacity_mapping,load_normalized_agnews_capacity_mapping,H8_D64,AG News,,sentence-transformers/all-MiniLM-L6-v2,6,206,0.41650390625,0.2998046875,,,0.41650390625,0.41650390625,0.2998046875,False,False,False,False,0.1666666666666666,0.0078125,384,512,6,8,64,512,3072,25448960,256,20000,20000,0.0001,0.0001,1241.0728158950806,6.5378193855285645,1.3023550361394882,1.3889304399490356,0.5198429028193156,9.45908925930659,0.848053514957428,0.6675989230473837,agnews_capacity_mapping_H8_D64_F6_seed206.csv
agnews_capacity_mapping,load_normalized_agnews_capacity_mapping,H8_D64,AG News,,sentence-transformers/all-MiniLM-L6-v2,6,207,0.279052734375,0.13486328125,,,0.279052734375,0.280517578125,0.13662109375,False,False,False,False,0.1666666666666666,0.0078125,384,512,6,8,64,512,3072,25448960,256,20000,20000,0.0001,0.0001,1240.7716989517212,4.306358814239502,1.5531973640124004,1.2435119450092316,0.4621952126423518,7.335009853045146,1.1604086458683014,0.5243231852849325,agnews_capacity_mapping_H8_D64_F6_seed207.csv
agnews_capacity_mapping,load_normalized_agnews_capacity_mapping,H8_D64,AG News,,sentence-transformers/all-MiniLM-L6-v2,6,208,0.939453125,0.92734375,,,0.939453125,0.939453125,0.92734375,True,True,False,True,0.1666666666666666,0.0078125,384,512,6,8,64,512,3072,25448960,256,20000,20000,0.0001,0.0001,1237.8773365020752,4.174674034118652,1.2245673835277555,1.5295792023340862,0.5225024521350861,10.596283753712973,0.6120695273081461,0.7533500095208486,agnews_capacity_mapping_H8_D64_F6_seed208.csv
agnews_capacity_mapping,load_normalized_agnews_capacity_mapping,H8_D64,AG News,,sentence-transformers/all-MiniLM-L6-v2,6,209,0.957763671875,0.94931640625,,,0.957763671875,0.957763671875,0.94931640625,True,True,False,True,0.1666666666666666,0.0078125,384,512,6,8,64,512,3072,25448960,256,20000,20000,0.0001,0.0001,1234.7105445861816,4.391479015350342,1.5195960501829784,1.7579202850659688,0.5282812565565109,15.065460681915283,0.6311568915843964,0.7344630459944407,agnews_capacity_mapping_H8_D64_F6_seed209.csv
agnews_capacity_mapping,load_normalized_agnews_capacity_mapping,H8_D64,AG News,,sentence-transformers/all-MiniLM-L6-v2,7,200,0.139892578125,-0.0034586588541666,0.140625,-0.0026041666666666,0.140625,0.15283203125,0.011637369791666675,False,False,False,False,0.1428571428571428,0.0078125,384,512,6,8,64,512,3072,25448960,256,20000,20000,0.0001,0.0001,1309.755212545395,3.463946580886841,0.7221767554680506,1.016000693043073,0.3588049486279487,2.758368839820226,1.6332778731981914,0.3176730871200561,external_corpus_replication_H8_D64_F7_seed200.csv
agnews_capacity_mapping,load_normalized_agnews_capacity_mapping,H8_D64,AG News,,sentence-transformers/all-MiniLM-L6-v2,7,201,0.154296875,0.0133463541666666,0.13720703125,-0.0065917968749999,0.13720703125,0.15478515625,0.013916015625000009,False,False,False,False,0.1428571428571428,0.0078125,384,512,6,8,64,512,3072,25448960,256,20000,20000,0.0001,0.0001,1338.476568222046,3.401854515075684,0.9959931870301564,0.999633197983106,0.3724475925167401,3.4541379610697427,1.5524456699689229,0.3643798679113388,external_corpus_replication_H8_D64_F7_seed201.csv
agnews_capacity_mapping,load_normalized_agnews_capacity_mapping,H8_D64,AG News,,sentence-transformers/all-MiniLM-L6-v2,7,202,0.14501953125,0.0025227864583333,0.132080078125,-0.0125732421874999,0.132080078125,0.159912109375,0.019897460937500007,False,False,False,False,0.1428571428571428,0.0078125,384,512,6,8,64,512,3072,25448960,256,20000,20000,0.0001,0.0001,1348.1024615764618,3.409604549407959,0.715680773059527,1.0407531609137852,0.3687143201629321,2.812162478764852,1.6348841190338137,0.3123269826173782,external_corpus_replication_H8_D64_F7_seed202.csv
agnews_capacity_mapping,load_normalized_agnews_capacity_mapping,H8_D64,AG News,,sentence-transformers/all-MiniLM-L6-v2,7,203,0.14404296875,0.0013834635416666,0.14599609375,0.003662109375,0.14599609375,0.156494140625,0.015909830729166675,False,False,False,False,0.1428571428571428,0.0078125,384,512,6,8,64,512,3072,25448960,256,20000,20000,0.0001,0.0001,1351.7501027584076,3.3699684143066406,0.8291222502787908,0.9427395860354104,0.3628558665513992,2.3698104421297708,1.6641233166058855,0.3096924449006716,external_corpus_replication_H8_D64_F7_seed203.csv
agnews_capacity_mapping,load_normalized_agnews_capacity_mapping,H8_D64,AG News,,sentence-transformers/all-MiniLM-L6-v2,7,204,0.1357421875,-0.0083007812499999,0.14892578125,0.007080078125,0.14892578125,0.14892578125,0.007080078125000009,False,False,False,False,0.1428571428571428,0.0078125,384,512,6,8,64,512,3072,25448960,256,20000,20000,0.0001,0.0001,1356.2489457130432,3.7564330101013184,0.7299194584290186,0.9769278019666672,0.3746769875288009,2.836685299873352,1.6277466416358948,0.3204973489046097,external_corpus_replication_H8_D64_F7_seed204.csv
agnews_capacity_mapping,load_normalized_agnews_capacity_mapping,H8_D64,AG News,,sentence-transformers/all-MiniLM-L6-v2,7,205,0.13916015625,-0.0043131510416666,0.153564453125,0.0124918619791666,0.153564453125,0.15478515625,0.013916015625000009,False,False,False,False,0.1428571428571428,0.0078125,384,512,6,8,64,512,3072,25448960,256,20000,20000,0.0001,0.0001,1335.754229068756,3.5508382320404053,0.6270326723655065,0.969865307211876,0.3438858762383461,1.987781951824824,1.7435078024864197,0.2759833683570226,external_corpus_replication_H8_D64_F7_seed205.csv
agnews_capacity_mapping,load_normalized_agnews_capacity_mapping,H8_D64,AG News,,sentence-transformers/all-MiniLM-L6-v2,7,206,0.1337890625,-0.0105794270833333,0.151123046875,0.0096435546875,0.151123046875,0.151611328125,0.010213216145833343,False,False,False,False,0.1428571428571428,0.0078125,384,512,6,8,64,512,3072,25448960,256,20000,20000,0.0001,0.0001,1338.4052212238312,3.621602773666382,0.9477117359638214,0.9634075313806534,0.3674510344862938,2.7102636992931366,1.6333062251408894,0.3238649715979894,external_corpus_replication_H8_D64_F7_seed206.csv
agnews_capacity_mapping,load_normalized_agnews_capacity_mapping,H8_D64,AG News,,sentence-transformers/all-MiniLM-L6-v2,7,207,0.1474609375,0.00537109375,0.1357421875,-0.0083007812499999,0.1357421875,0.15478515625,0.013916015625000009,False,False,False,False,0.1428571428571428,0.0078125,384,512,6,8,64,512,3072,25448960,256,20000,20000,0.0001,0.0001,1339.935451745987,3.7935495376586914,0.8181858162085215,0.9621538718541464,0.3642751897374789,2.630925824244817,1.6625507672627766,0.3060814763108889,external_corpus_replication_H8_D64_F7_seed207.csv
agnews_capacity_mapping,load_normalized_agnews_capacity_mapping,H8_D64,AG News,,sentence-transformers/all-MiniLM-L6-v2,7,208,0.238037109375,0.1110432942708333,0.23876953125,0.1118977864583333,0.23876953125,0.238037109375,0.11104329427083333,False,False,False,False,0.1428571428571428,0.0078125,384,512,6,8,64,512,3072,25448960,256,20000,20000,0.0001,0.0001,1351.4979808330536,3.936346292495728,1.3308370957771938,1.1108971238136292,0.4299792995055516,6.815665761629741,1.0265933871269226,0.5994479904572169,external_corpus_replication_H8_D64_F7_seed208.csv
agnews_capacity_mapping,load_normalized_agnews_capacity_mapping,H8_D64,AG News,,sentence-transformers/all-MiniLM-L6-v2,7,209,0.137939453125,-0.0057373046874999,0.142333984375,-0.0006103515624999,0.142333984375,0.150634765625,0.009073893229166675,False,False,False,False,0.1428571428571428,0.0078125,384,512,6,8,64,512,3072,25448960,256,20000,20000,0.0001,0.0001,1353.7987351417542,3.435934543609619,0.8248666822910309,0.9763205846150717,0.3494526917735736,2.4456954101721444,1.678165316581726,0.3073177561163902,external_corpus_replication_H8_D64_F7_seed209.csv
